URL,Title,Focus Keyword
/,Best Roofing Company Charlotte NC | 5-Star Rated | Free Inspection,best roofing company Charlotte
/about,About Us | Veteran-Owned Roofing Company Charlotte NC,veteran owned roofing company Charlotte
/contact,Contact Best Roofing Now | Charlotte NC Roofing Company,contact roofing company Charlotte
/services,Roofing Services Charlotte NC | Best Roofing Now,roofing services Charlotte NC
/blog,Roofing Blog | Tips & Advice | Best Roofing Now Charlotte,roofing blog Charlotte
/faq,Roofing FAQ | Frequently Asked Questions | Best Roofing Now,roofing FAQ Charlotte
/financing,Roof Financing | Payment Options | Best Roofing Now Charlotte NC,roof financing Charlotte
/reviews,Customer Reviews | Best Roofing Now Charlotte NC,roofing reviews Charlotte
/warranty,Roofing Warranty Information | Best Roofing Now Charlotte NC,roofing warranty Charlotte
/emergency,Emergency Roofing Services | 24/7 | Best Roofing Now Charlotte,emergency roofing Charlotte
/process,Our Roofing Process | Best Roofing Now Charlotte NC,roofing process Charlotte
/locations,Service Areas | Best Roofing Now Charlotte NC,roofing service areas Charlotte
/brands,Roofing Brands We Install | Best Roofing Now Charlotte NC,roofing brands Charlotte
/materials,Roofing Materials Guide | Best Roofing Now Charlotte NC,roofing materials Charlotte
/roof-types,Roof Types & Styles | Best Roofing Now Charlotte NC,roof types Charlotte
/seasonal,Seasonal Roofing Services | Best Roofing Now Charlotte NC,seasonal roofing Charlotte
/problems,Common Roofing Problems | Best Roofing Now Charlotte NC,roofing problems Charlotte
/compare,Roofing Material Comparisons | Best Roofing Now Charlotte NC,roofing comparison Charlotte
/guides,Roofing Guides | Best Roofing Now Charlotte NC,roofing guides Charlotte
/commercial-systems,Commercial Roofing Systems | Best Roofing Now Charlotte NC,commercial roofing systems Charlotte
/ventilation,Roof Ventilation | Best Roofing Now Charlotte NC,roof ventilation Charlotte
/stories,Roofing Stories | Best Roofing Now Charlotte NC,roofing stories Charlotte
/projects,Our Roofing Projects | Charlotte NC | Best Roofing Now,roofing projects Charlotte
/nc-roofing-guide,NC Roofing Guide | Best Roofing Now Charlotte,NC roofing guide
/roofing-services,Roofing Services | Best Roofing Now Charlotte NC,roofing services
/gutter-services,Gutter Services | Best Roofing Now Charlotte NC,gutter services Charlotte
/siding-services,Siding Services | Best Roofing Now Charlotte NC,siding services Charlotte
/storm-restoration,Storm Restoration Services | Best Roofing Now Charlotte NC,storm restoration Charlotte
/specialty-services,Specialty Roofing Services | Best Roofing Now Charlotte NC,specialty roofing services
/solar-services,Solar Roofing Services | Best Roofing Now Charlotte NC,solar roofing Charlotte
/metal-roofing-services,Metal Roofing Services | Best Roofing Now Charlotte NC,metal roofing services
/commercial-roofing-services,Commercial Roofing Services | Best Roofing Now Charlotte NC,commercial roofing services
/roof-replacement-cost-charlotte-nc,Roof Replacement Cost Charlotte NC | Free Estimates,roof replacement cost Charlotte NC
/metal-roofing-charlotte-nc,Metal Roofing Charlotte NC | Installation & Repair,metal roofing Charlotte NC
/roof-inspection-charlotte-nc,Roof Inspection Charlotte NC | Free Inspections,roof inspection Charlotte NC
/roof-leak-repair-charlotte-nc,Roof Leak Repair Charlotte NC | Emergency Service,roof leak repair Charlotte NC
/gutter-installation-charlotte-nc,Gutter Installation Charlotte NC | Seamless Gutters,gutter installation Charlotte NC
/commercial-roofing-contractors-charlotte-nc,Commercial Roofing Contractors Charlotte NC,commercial roofing contractors Charlotte NC
/hail-damage-roof-repair-charlotte-nc,Hail Damage Roof Repair Charlotte NC | Storm Damage,hail damage roof repair Charlotte NC
/roof-repair-huntersville-nc,Roof Repair Huntersville NC | Local Roofers,roof repair Huntersville NC
/best-roofing-company-charlotte-nc,Best Roofing Company Charlotte NC | 5-Star Rated,best roofing company Charlotte NC
/residential-roofing-charlotte-nc,Residential Roofing Charlotte NC | Home Roofing,residential roofing Charlotte NC
/gaf-roofing-charlotte-nc,GAF Roofing Charlotte NC | Certified Installer,GAF roofing Charlotte NC
/roof-installation-charlotte-nc,Roof Installation Charlotte NC | New Roofs,roof installation Charlotte NC
/owens-corning-roofing-charlotte-nc,Owens Corning Roofing Charlotte NC | Preferred Contractor,Owens Corning roofing Charlotte NC
/storm-damage-roof-repair-mooresville-nc,Storm Damage Roof Repair Mooresville NC,storm damage roof repair Mooresville NC
/roof-replacement-mooresville-nc,Roof Replacement Mooresville NC | Local Roofers,roof replacement Mooresville NC
/skylight-installation-charlotte-nc,Skylight Installation Charlotte NC | VELUX Dealer,skylight installation Charlotte NC
/gutter-guards-charlotte-nc,Gutter Guards Charlotte NC | LeafGuard Installation,gutter guards Charlotte NC
/missing-shingles-repair-charlotte-nc,Missing Shingles Repair Charlotte NC | Quick Fix,missing shingles repair Charlotte NC
/roofing-sherrills-ford-nc,Roofing Sherrills Ford NC | Lake Norman Area,roofing Sherrills Ford NC
/standing-seam-metal-roof-charlotte-nc,Standing Seam Metal Roof Charlotte NC,standing seam metal roof Charlotte NC
/roof-repair-cornelius-nc,Roof Repair Cornelius NC | Lake Norman Roofers,roof repair Cornelius NC
/wind-damage-roof-repair-charlotte-nc,Wind Damage Roof Repair Charlotte NC,wind damage roof repair Charlotte NC
/sagging-roof-repair-charlotte-nc,Sagging Roof Repair Charlotte NC | Structural Fix,sagging roof repair Charlotte NC
/roofing-terrell-nc,Roofing Terrell NC | Catawba County,roofing Terrell NC
/tpo-roofing-charlotte-nc,TPO Roofing Charlotte NC | Commercial Flat Roofs,TPO roofing Charlotte NC
/roof-replacement-davidson-nc,Roof Replacement Davidson NC | Lake Norman,roof replacement Davidson NC
/roof-maintenance-charlotte-nc,Roof Maintenance Charlotte NC | Annual Inspections,roof maintenance Charlotte NC
/roof-ventilation-charlotte-nc,Roof Ventilation Charlotte NC | Attic Vents,roof ventilation Charlotte NC
/roofing-fort-mill-sc,Roofing Fort Mill SC | South Charlotte Area,roofing Fort Mill SC
/epdm-roofing-charlotte-nc,EPDM Roofing Charlotte NC | Rubber Roofs,EPDM roofing Charlotte NC
/commercial-roofing-mooresville-nc,Commercial Roofing Mooresville NC,commercial roofing Mooresville NC
/new-construction-roofing-charlotte-nc,New Construction Roofing Charlotte NC,new construction roofing Charlotte NC
/leaking-roof-repair-charlotte-nc,Leaking Roof Repair Charlotte NC | Stop Leaks Fast,leaking roof repair Charlotte NC
/ice-dam-prevention-charlotte-nc,Ice Dam Prevention Charlotte NC | Winter Roofing,ice dam prevention Charlotte NC
/roofing-rock-hill-sc,Roofing Rock Hill SC | York County,roofing Rock Hill SC
/storm-damage-roof-repair-huntersville-nc,Storm Damage Roof Repair Huntersville NC,storm damage roof repair Huntersville NC
/emergency-roof-repair-huntersville-nc,Emergency Roof Repair Huntersville NC | 24/7,emergency roof repair Huntersville NC
/gutter-installation-cornelius-nc,Gutter Installation Cornelius NC | Lake Norman,gutter installation Cornelius NC
/roofing-ballantyne-charlotte-nc,Roofing Ballantyne Charlotte NC | South Charlotte,roofing Ballantyne Charlotte NC
/emergency-tarp-service-charlotte-nc,Emergency Tarp Service Charlotte NC | Storm Response,emergency tarp service Charlotte NC
/roofing-plaza-midwood-charlotte-nc,Roofing Plaza Midwood Charlotte NC,roofing Plaza Midwood Charlotte NC
/roof-coating-charlotte-nc,Roof Coating Charlotte NC | Extend Roof Life,roof coating Charlotte NC
/metal-roofing-huntersville-nc,Metal Roofing Huntersville NC | Standing Seam,metal roofing Huntersville NC
/insurance-claim-roofing-charlotte-nc,Insurance Claim Roofing Charlotte NC | We Help,insurance claim roofing Charlotte NC
/flat-roof-repair-charlotte-nc,Flat Roof Repair Charlotte NC | Commercial & Residential,flat roof repair Charlotte NC
/gaf-timberline-shingles-charlotte-nc,GAF Timberline Shingles Charlotte NC | HDZ,GAF Timberline shingles Charlotte NC
/roofing-southpark-charlotte-nc,Roofing SouthPark Charlotte NC,roofing SouthPark Charlotte NC
/chimney-flashing-repair-charlotte-nc,Chimney Flashing Repair Charlotte NC | Stop Leaks,chimney flashing repair Charlotte NC
/velux-skylights-charlotte-nc,VELUX Skylights Charlotte NC | Authorized Dealer,VELUX skylights Charlotte NC
/roofers-charlotte-nc,Roofers Charlotte NC | Licensed & Insured,roofers Charlotte NC
/roofing-charlotte-nc,Roofing Charlotte NC | Top Rated Contractor,roofing Charlotte NC
/roof-repair-charlotte-nc,Roof Repair Charlotte NC | Fast & Affordable,roof repair Charlotte NC
/roof-replacement-charlotte-nc,Roof Replacement Charlotte NC | Free Estimates,roof replacement Charlotte NC
/emergency-roof-repair-charlotte-nc,Emergency Roof Repair Charlotte NC | 24/7 Service,emergency roof repair Charlotte NC
/storm-damage-roof-repair-charlotte-nc,Storm Damage Roof Repair Charlotte NC,storm damage roof repair Charlotte NC
/roofing-company-charlotte-nc,Roofing Company Charlotte NC | Best Roofing Now,roofing company Charlotte NC
/roofing-contractor-charlotte-nc,Roofing Contractor Charlotte NC | Licensed,roofing contractor Charlotte NC
/commercial-roofing-charlotte-nc,Commercial Roofing Charlotte NC | Business Roofs,commercial roofing Charlotte NC
/best-roofers-charlotte-nc,Best Roofers Charlotte NC | Top Rated,best roofers Charlotte NC
/affordable-roofing-charlotte-nc,Affordable Roofing Charlotte NC | Budget Friendly,affordable roofing Charlotte NC
/new-roof-installation-charlotte-nc,New Roof Installation Charlotte NC,new roof installation Charlotte NC
/asphalt-shingle-roofing-charlotte-nc,Asphalt Shingle Roofing Charlotte NC,asphalt shingle roofing Charlotte NC
/tile-roofing-charlotte-nc,Tile Roofing Charlotte NC | Clay & Concrete,tile roofing Charlotte NC
/slate-roofing-charlotte-nc,Slate Roofing Charlotte NC | Natural Stone,slate roofing Charlotte NC
/flat-roof-contractors-charlotte-nc,Flat Roof Contractors Charlotte NC,flat roof contractors Charlotte NC
/roof-financing-charlotte-nc,Roof Financing Charlotte NC | Easy Payments,roof financing Charlotte NC
/gutter-repair-charlotte-nc,Gutter Repair Charlotte NC | Fix Leaks,gutter repair Charlotte NC
/fascia-soffit-repair-charlotte-nc,Fascia Soffit Repair Charlotte NC,fascia soffit repair Charlotte NC
/ridge-vent-installation-charlotte-nc,Ridge Vent Installation Charlotte NC,ridge vent installation Charlotte NC
/roof-flashing-repair-charlotte-nc,Roof Flashing Repair Charlotte NC,roof flashing repair Charlotte NC
/roof-valley-repair-charlotte-nc,Roof Valley Repair Charlotte NC,roof valley repair Charlotte NC
/moss-algae-removal-roof-charlotte-nc,Moss & Algae Removal Roof Charlotte NC,moss algae removal roof Charlotte NC
/tree-damage-roof-repair-charlotte-nc,Tree Damage Roof Repair Charlotte NC,tree damage roof repair Charlotte NC
/hurricane-damage-roof-repair-charlotte-nc,Hurricane Damage Roof Repair Charlotte NC,hurricane damage roof repair Charlotte NC
/spring-roof-inspection-charlotte-nc,Spring Roof Inspection Charlotte NC,spring roof inspection Charlotte NC
/summer-roof-maintenance-charlotte-nc,Summer Roof Maintenance Charlotte NC,summer roof maintenance Charlotte NC
/winter-roof-repair-charlotte-nc,Winter Roof Repair Charlotte NC,winter roof repair Charlotte NC
/certainteed-shingles-charlotte-nc,CertainTeed Shingles Charlotte NC,CertainTeed shingles Charlotte NC
/leafguard-gutters-charlotte-nc,LeafGuard Gutters Charlotte NC,LeafGuard gutters Charlotte NC
/veteran-owned-roofing-company-charlotte-nc,Veteran Owned Roofing Company Charlotte NC,veteran owned roofing company Charlotte NC
/church-roofing-charlotte-nc,Church Roofing Charlotte NC | Religious Buildings,church roofing Charlotte NC
/warehouse-roofing-charlotte-nc,Warehouse Roofing Charlotte NC | Industrial,warehouse roofing Charlotte NC
/apartment-roofing-charlotte-nc,Apartment Roofing Charlotte NC | Multi-Family,apartment roofing Charlotte NC
/condo-roofing-charlotte-nc,Condo Roofing Charlotte NC | HOA Approved,condo roofing Charlotte NC
/townhouse-roofing-charlotte-nc,Townhouse Roofing Charlotte NC,townhouse roofing Charlotte NC
/industrial-roofing-charlotte-nc,Industrial Roofing Charlotte NC,industrial roofing Charlotte NC
/roofers-huntersville-nc,Roofers Huntersville NC | Local Contractors,roofers Huntersville NC
/roofers-mooresville-nc,Roofers Mooresville NC | Lake Norman Area,roofers Mooresville NC
/roofers-concord-nc,Roofers Concord NC | Cabarrus County,roofers Concord NC
/roofing-huntersville-nc,Roofing Huntersville NC | North Charlotte,roofing Huntersville NC
/roofing-mooresville-nc,Roofing Mooresville NC | Iredell County,roofing Mooresville NC
/roofing-concord-nc,Roofing Concord NC | Cabarrus County,roofing Concord NC
/roofing-matthews-nc,Roofing Matthews NC | East Charlotte,roofing Matthews NC
/roofing-mint-hill-nc,Roofing Mint Hill NC | East Mecklenburg,roofing Mint Hill NC
/roofing-pineville-nc,Roofing Pineville NC | South Charlotte,roofing Pineville NC
/roofing-indian-trail-nc,Roofing Indian Trail NC | Union County,roofing Indian Trail NC
/roofing-gastonia-nc,Roofing Gastonia NC | Gaston County,roofing Gastonia NC
/roofing-cornelius-nc,Roofing Cornelius NC | Lake Norman,roofing Cornelius NC
/roofing-davidson-nc,Roofing Davidson NC | Lake Norman,roofing Davidson NC
/roof-repair-matthews-nc,Roof Repair Matthews NC,roof repair Matthews NC
/roof-repair-concord-nc,Roof Repair Concord NC,roof repair Concord NC
/roof-repair-pineville-nc,Roof Repair Pineville NC,roof repair Pineville NC
/roof-replacement-concord-nc,Roof Replacement Concord NC,roof replacement Concord NC
/roof-replacement-gastonia-nc,Roof Replacement Gastonia NC,roof replacement Gastonia NC
/roof-inspection-mooresville-nc,Roof Inspection Mooresville NC,roof inspection Mooresville NC
/metal-roofing-mooresville-nc,Metal Roofing Mooresville NC,metal roofing Mooresville NC
/gutter-installation-huntersville-nc,Gutter Installation Huntersville NC,gutter installation Huntersville NC
/roofing-myers-park-charlotte-nc,Roofing Myers Park Charlotte NC,roofing Myers Park Charlotte NC
/roofing-dilworth-charlotte-nc,Roofing Dilworth Charlotte NC,roofing Dilworth Charlotte NC
/roofing-noda-charlotte-nc,Roofing NoDa Charlotte NC,roofing NoDa Charlotte NC
/roofing-university-city-charlotte-nc,Roofing University City Charlotte NC,roofing University City Charlotte NC
/roofing-steele-creek-charlotte-nc,Roofing Steele Creek Charlotte NC,roofing Steele Creek Charlotte NC
/services/residential-roofing,Residential Roofing Services Charlotte NC,residential roofing Charlotte
/services/commercial-roofing,Commercial Roofing Services Charlotte NC,commercial roofing Charlotte
/services/roof-repair,Roof Repair Services Charlotte NC,roof repair Charlotte
/services/roof-replacement,Roof Replacement Services Charlotte NC,roof replacement Charlotte
/services/roof-inspection,Roof Inspection Services Charlotte NC,roof inspection Charlotte
/services/emergency-roofing,Emergency Roofing Services Charlotte NC,emergency roofing Charlotte
/services/storm-damage,Storm Damage Repair Charlotte NC,storm damage repair Charlotte
/services/gutters,Gutter Installation & Repair Charlotte NC,gutters Charlotte
/services/siding,Siding Installation Charlotte NC,siding Charlotte
/services/skylights,Skylight Installation Charlotte NC,skylights Charlotte
/services/ventilation,Roof Ventilation Charlotte NC,roof ventilation Charlotte
/services/insulation,Attic Insulation Charlotte NC,attic insulation Charlotte
/services/metal-roofing,Metal Roofing Installation Charlotte NC,metal roofing Charlotte
/services/flat-roofing,Flat Roofing Charlotte NC,flat roofing Charlotte
/services/tile-roofing,Tile Roofing Charlotte NC,tile roofing Charlotte
/services/slate-roofing,Slate Roofing Charlotte NC,slate roofing Charlotte
/services/shingle-roofing,Shingle Roofing Charlotte NC,shingle roofing Charlotte
/services/roof-maintenance,Roof Maintenance Charlotte NC,roof maintenance Charlotte
/services/roof-cleaning,Roof Cleaning Charlotte NC,roof cleaning Charlotte
/services/gutter-guards,Gutter Guards Charlotte NC,gutter guards Charlotte
/services/fascia-soffit,Fascia & Soffit Repair Charlotte NC,fascia soffit Charlotte
/services/chimney-repair,Chimney Repair Charlotte NC,chimney repair Charlotte
/services/flashing-repair,Roof Flashing Repair Charlotte NC,flashing repair Charlotte
/services/roof-coating,Roof Coating Charlotte NC,roof coating Charlotte
/services/insurance-claims,Insurance Claim Roofing Charlotte NC,insurance claim roofing Charlotte
/locations/charlotte-nc,Roofing Services Charlotte NC | Best Roofing Now,roofing Charlotte NC
/locations/huntersville-nc,Roofing Services Huntersville NC | Best Roofing Now,roofing Huntersville NC
/locations/cornelius-nc,Roofing Services Cornelius NC | Best Roofing Now,roofing Cornelius NC
/locations/davidson-nc,Roofing Services Davidson NC | Best Roofing Now,roofing Davidson NC
/locations/matthews-nc,Roofing Services Matthews NC | Best Roofing Now,roofing Matthews NC
/locations/mint-hill-nc,Roofing Services Mint Hill NC | Best Roofing Now,roofing Mint Hill NC
/locations/pineville-nc,Roofing Services Pineville NC | Best Roofing Now,roofing Pineville NC
/locations/concord-nc,Roofing Services Concord NC | Best Roofing Now,roofing Concord NC
/locations/kannapolis-nc,Roofing Services Kannapolis NC | Best Roofing Now,roofing Kannapolis NC
/locations/harrisburg-nc,Roofing Services Harrisburg NC | Best Roofing Now,roofing Harrisburg NC
/locations/monroe-nc,Roofing Services Monroe NC | Best Roofing Now,roofing Monroe NC
/locations/indian-trail-nc,Roofing Services Indian Trail NC | Best Roofing Now,roofing Indian Trail NC
/locations/waxhaw-nc,Roofing Services Waxhaw NC | Best Roofing Now,roofing Waxhaw NC
/locations/stallings-nc,Roofing Services Stallings NC | Best Roofing Now,roofing Stallings NC
/locations/weddington-nc,Roofing Services Weddington NC | Best Roofing Now,roofing Weddington NC
/locations/marvin-nc,Roofing Services Marvin NC | Best Roofing Now,roofing Marvin NC
/locations/wesley-chapel-nc,Roofing Services Wesley Chapel NC | Best Roofing Now,roofing Wesley Chapel NC
/locations/gastonia-nc,Roofing Services Gastonia NC | Best Roofing Now,roofing Gastonia NC
/locations/mt-holly-nc,Roofing Services Mt Holly NC | Best Roofing Now,roofing Mt Holly NC
/locations/belmont-nc,Roofing Services Belmont NC | Best Roofing Now,roofing Belmont NC
/locations/kings-mountain-nc,Roofing Services Kings Mountain NC | Best Roofing Now,roofing Kings Mountain NC
/locations/mooresville-nc,Roofing Services Mooresville NC | Best Roofing Now,roofing Mooresville NC
/locations/statesville-nc,Roofing Services Statesville NC | Best Roofing Now,roofing Statesville NC
/locations/denver-nc,Roofing Services Denver NC | Best Roofing Now,roofing Denver NC
/locations/lincolnton-nc,Roofing Services Lincolnton NC | Best Roofing Now,roofing Lincolnton NC
/locations/lake-norman,Roofing Services Lake Norman NC | Best Roofing Now,roofing Lake Norman NC
/locations/sherrills-ford-nc,Roofing Services Sherrills Ford NC | Best Roofing Now,roofing Sherrills Ford NC
/locations/terrell-nc,Roofing Services Terrell NC | Best Roofing Now,roofing Terrell NC
/locations/hickory-nc,Roofing Services Hickory NC | Best Roofing Now,roofing Hickory NC
/locations/newton-nc,Roofing Services Newton NC | Best Roofing Now,roofing Newton NC
/locations/albemarle-nc,Roofing Services Albemarle NC | Best Roofing Now,roofing Albemarle NC
/locations/shelby-nc,Roofing Services Shelby NC | Best Roofing Now,roofing Shelby NC
/locations/rock-hill-sc,Roofing Services Rock Hill SC | Best Roofing Now,roofing Rock Hill SC
/locations/fort-mill-sc,Roofing Services Fort Mill SC | Best Roofing Now,roofing Fort Mill SC
/locations/tega-cay-sc,Roofing Services Tega Cay SC | Best Roofing Now,roofing Tega Cay SC
/locations/indian-land-sc,Roofing Services Indian Land SC | Best Roofing Now,roofing Indian Land SC
/locations/lancaster-sc,Roofing Services Lancaster SC | Best Roofing Now,roofing Lancaster SC
/locations/salisbury-nc,Roofing Services Salisbury NC | Best Roofing Now,roofing Salisbury NC
/locations/china-grove-nc,Roofing Services China Grove NC | Best Roofing Now,roofing China Grove NC
/locations/landis-nc,Roofing Services Landis NC | Best Roofing Now,roofing Landis NC
/locations/cramerton-nc,Roofing Services Cramerton NC | Best Roofing Now,roofing Cramerton NC
/locations/lowell-nc,Roofing Services Lowell NC | Best Roofing Now,roofing Lowell NC
/locations/dallas-nc,Roofing Services Dallas NC | Best Roofing Now,roofing Dallas NC
/locations/cherryville-nc,Roofing Services Cherryville NC | Best Roofing Now,roofing Cherryville NC
/locations/bessemer-city-nc,Roofing Services Bessemer City NC | Best Roofing Now,roofing Bessemer City NC
/locations/clover-sc,Roofing Services Clover SC | Best Roofing Now,roofing Clover SC
/locations/york-sc,Roofing Services York SC | Best Roofing Now,roofing York SC
/locations/lake-wylie-sc,Roofing Services Lake Wylie SC | Best Roofing Now,roofing Lake Wylie SC
/locations/wingate-nc,Roofing Services Wingate NC | Best Roofing Now,roofing Wingate NC
/locations/fairview-nc,Roofing Services Fairview NC | Best Roofing Now,roofing Fairview NC
/locations/hemby-bridge-nc,Roofing Services Hemby Bridge NC | Best Roofing Now,roofing Hemby Bridge NC
/locations/unionville-nc,Roofing Services Unionville NC | Best Roofing Now,roofing Unionville NC
/locations/mount-pleasant-nc,Roofing Services Mount Pleasant NC | Best Roofing Now,roofing Mount Pleasant NC
/locations/midland-nc,Roofing Services Midland NC | Best Roofing Now,roofing Midland NC
/locations/locust-nc,Roofing Services Locust NC | Best Roofing Now,roofing Locust NC
/locations/oakboro-nc,Roofing Services Oakboro NC | Best Roofing Now,roofing Oakboro NC
/locations/norwood-nc,Roofing Services Norwood NC | Best Roofing Now,roofing Norwood NC
/locations/maiden-nc,Roofing Services Maiden NC | Best Roofing Now,roofing Maiden NC
/locations/conover-nc,Roofing Services Conover NC | Best Roofing Now,roofing Conover NC
/locations/claremont-nc,Roofing Services Claremont NC | Best Roofing Now,roofing Claremont NC
/locations/chester-sc,Roofing Services Chester SC | Best Roofing Now,roofing Chester SC
/neighborhoods/myers-park,Roofing Myers Park Charlotte NC | Best Roofing Now,roofing Myers Park Charlotte NC
/locations/charlotte-nc/myers-park,Roofing Services Myers Park | Charlotte NC,roofing Myers Park Charlotte NC
/neighborhoods/dilworth,Roofing Dilworth Charlotte NC | Best Roofing Now,roofing Dilworth Charlotte NC
/locations/charlotte-nc/dilworth,Roofing Services Dilworth | Charlotte NC,roofing Dilworth Charlotte NC
/neighborhoods/south-end,Roofing South End Charlotte NC | Best Roofing Now,roofing South End Charlotte NC
/locations/charlotte-nc/south-end,Roofing Services South End | Charlotte NC,roofing South End Charlotte NC
/neighborhoods/plaza-midwood,Roofing Plaza Midwood Charlotte NC | Best Roofing Now,roofing Plaza Midwood Charlotte NC
/locations/charlotte-nc/plaza-midwood,Roofing Services Plaza Midwood | Charlotte NC,roofing Plaza Midwood Charlotte NC
/neighborhoods/noda,Roofing Noda Charlotte NC | Best Roofing Now,roofing Noda Charlotte NC
/locations/charlotte-nc/noda,Roofing Services Noda | Charlotte NC,roofing Noda Charlotte NC
/neighborhoods/elizabeth,Roofing Elizabeth Charlotte NC | Best Roofing Now,roofing Elizabeth Charlotte NC
/locations/charlotte-nc/elizabeth,Roofing Services Elizabeth | Charlotte NC,roofing Elizabeth Charlotte NC
/neighborhoods/eastover,Roofing Eastover Charlotte NC | Best Roofing Now,roofing Eastover Charlotte NC
/locations/charlotte-nc/eastover,Roofing Services Eastover | Charlotte NC,roofing Eastover Charlotte NC
/neighborhoods/southpark,Roofing Southpark Charlotte NC | Best Roofing Now,roofing Southpark Charlotte NC
/locations/charlotte-nc/southpark,Roofing Services Southpark | Charlotte NC,roofing Southpark Charlotte NC
/neighborhoods/ballantyne,Roofing Ballantyne Charlotte NC | Best Roofing Now,roofing Ballantyne Charlotte NC
/locations/charlotte-nc/ballantyne,Roofing Services Ballantyne | Charlotte NC,roofing Ballantyne Charlotte NC
/neighborhoods/university-city,Roofing University City Charlotte NC | Best Roofing Now,roofing University City Charlotte NC
/locations/charlotte-nc/university-city,Roofing Services University City | Charlotte NC,roofing University City Charlotte NC
/neighborhoods/steele-creek,Roofing Steele Creek Charlotte NC | Best Roofing Now,roofing Steele Creek Charlotte NC
/locations/charlotte-nc/steele-creek,Roofing Services Steele Creek | Charlotte NC,roofing Steele Creek Charlotte NC
/neighborhoods/highland-creek,Roofing Highland Creek Charlotte NC | Best Roofing Now,roofing Highland Creek Charlotte NC
/locations/charlotte-nc/highland-creek,Roofing Services Highland Creek | Charlotte NC,roofing Highland Creek Charlotte NC
/neighborhoods/mountain-island,Roofing Mountain Island Charlotte NC | Best Roofing Now,roofing Mountain Island Charlotte NC
/locations/charlotte-nc/mountain-island,Roofing Services Mountain Island | Charlotte NC,roofing Mountain Island Charlotte NC
/neighborhoods/prosperity-village,Roofing Prosperity Village Charlotte NC | Best Roofing Now,roofing Prosperity Village Charlotte NC
/locations/charlotte-nc/prosperity-village,Roofing Services Prosperity Village | Charlotte NC,roofing Prosperity Village Charlotte NC
/neighborhoods/hickory-grove,Roofing Hickory Grove Charlotte NC | Best Roofing Now,roofing Hickory Grove Charlotte NC
/locations/charlotte-nc/hickory-grove,Roofing Services Hickory Grove | Charlotte NC,roofing Hickory Grove Charlotte NC
/neighborhoods/uptown,Roofing Uptown Charlotte NC | Best Roofing Now,roofing Uptown Charlotte NC
/locations/charlotte-nc/uptown,Roofing Services Uptown | Charlotte NC,roofing Uptown Charlotte NC
/neighborhoods/west-charlotte,Roofing West Charlotte Charlotte NC | Best Roofing Now,roofing West Charlotte Charlotte NC
/locations/charlotte-nc/west-charlotte,Roofing Services West Charlotte | Charlotte NC,roofing West Charlotte Charlotte NC
/neighborhoods/providence,Roofing Providence Charlotte NC | Best Roofing Now,roofing Providence Charlotte NC
/locations/charlotte-nc/providence,Roofing Services Providence | Charlotte NC,roofing Providence Charlotte NC
/neighborhoods/cotswold,Roofing Cotswold Charlotte NC | Best Roofing Now,roofing Cotswold Charlotte NC
/locations/charlotte-nc/cotswold,Roofing Services Cotswold | Charlotte NC,roofing Cotswold Charlotte NC
/neighborhoods/madison-park,Roofing Madison Park Charlotte NC | Best Roofing Now,roofing Madison Park Charlotte NC
/locations/charlotte-nc/madison-park,Roofing Services Madison Park | Charlotte NC,roofing Madison Park Charlotte NC
/neighborhoods/beverly-woods,Roofing Beverly Woods Charlotte NC | Best Roofing Now,roofing Beverly Woods Charlotte NC
/locations/charlotte-nc/beverly-woods,Roofing Services Beverly Woods | Charlotte NC,roofing Beverly Woods Charlotte NC
/neighborhoods/montclaire,Roofing Montclaire Charlotte NC | Best Roofing Now,roofing Montclaire Charlotte NC
/locations/charlotte-nc/montclaire,Roofing Services Montclaire | Charlotte NC,roofing Montclaire Charlotte NC
/neighborhoods/sedgefield,Roofing Sedgefield Charlotte NC | Best Roofing Now,roofing Sedgefield Charlotte NC
/locations/charlotte-nc/sedgefield,Roofing Services Sedgefield | Charlotte NC,roofing Sedgefield Charlotte NC
/neighborhoods/wilmore,Roofing Wilmore Charlotte NC | Best Roofing Now,roofing Wilmore Charlotte NC
/locations/charlotte-nc/wilmore,Roofing Services Wilmore | Charlotte NC,roofing Wilmore Charlotte NC
/materials/asphalt-shingles,Asphalt Shingles Roofing Charlotte NC | Best Roofing Now,asphalt shingles Charlotte NC
/materials/metal-roofing,Metal Roofing Roofing Charlotte NC | Best Roofing Now,metal roofing Charlotte NC
/materials/tile-roofing,Tile Roofing Roofing Charlotte NC | Best Roofing Now,tile roofing Charlotte NC
/materials/slate-roofing,Slate Roofing Roofing Charlotte NC | Best Roofing Now,slate roofing Charlotte NC
/materials/wood-shakes,Wood Shakes Roofing Charlotte NC | Best Roofing Now,wood shakes Charlotte NC
/materials/flat-roofing,Flat Roofing Roofing Charlotte NC | Best Roofing Now,flat roofing Charlotte NC
/brands/gaf,GAF Roofing Charlotte NC | Certified Installer,GAF roofing Charlotte NC
/brands/certainteed,CertainTeed Roofing Charlotte NC | Certified Installer,CertainTeed roofing Charlotte NC
/brands/owens-corning,Owens Corning Roofing Charlotte NC | Certified Installer,Owens Corning roofing Charlotte NC
/brands/atlas,Atlas Roofing Charlotte NC | Certified Installer,Atlas roofing Charlotte NC
/brands/tamko,TAMKO Roofing Charlotte NC | Certified Installer,TAMKO roofing Charlotte NC
/roof-types/gable-roof,Gable Roof Installation & Repair Charlotte NC,gable roof Charlotte NC
/roof-types/hip-roof,Hip Roof Installation & Repair Charlotte NC,hip roof Charlotte NC
/roof-types/flat-roof,Flat Roof Installation & Repair Charlotte NC,flat roof Charlotte NC
/roof-types/mansard-roof,Mansard Roof Installation & Repair Charlotte NC,mansard roof Charlotte NC
/roof-types/gambrel-roof,Gambrel Roof Installation & Repair Charlotte NC,gambrel roof Charlotte NC
/roof-types/shed-roof,Shed Roof Installation & Repair Charlotte NC,shed roof Charlotte NC
/guides/roof-replacement-cost,Roof Replacement Cost Guide | Best Roofing Now Charlotte NC,roof replacement cost guide
/guides/signs-you-need-new-roof,Signs You Need a New Roof | Best Roofing Now Charlotte NC,signs you need a new roof
/guides/how-long-does-roof-last,How Long Does a Roof Last | Best Roofing Now Charlotte NC,how long does a roof last
/guides/choosing-roofing-contractor,Choosing a Roofing Contractor | Best Roofing Now Charlotte NC,choosing a roofing contractor
/guides/roof-maintenance-tips,Roof Maintenance Tips | Best Roofing Now Charlotte NC,roof maintenance tips
/guides/insurance-claims-guide,Insurance Claims Guide | Best Roofing Now Charlotte NC,insurance claims guide
/seasonal/spring-roofing,Spring Roofing Services Charlotte NC | Best Roofing Now,spring roofing Charlotte NC
/seasonal/summer-roofing,Summer Roofing Services Charlotte NC | Best Roofing Now,summer roofing Charlotte NC
/seasonal/fall-roofing,Fall Roofing Services Charlotte NC | Best Roofing Now,fall roofing Charlotte NC
/seasonal/winter-roofing,Winter Roofing Services Charlotte NC | Best Roofing Now,winter roofing Charlotte NC
/problems/roof-leak-repair,Roof Leak Repair Charlotte NC | Best Roofing Now,roof leak repair Charlotte NC
/problems/storm-damage-repair,Storm Damage Repair Charlotte NC | Best Roofing Now,storm damage repair Charlotte NC
/problems/missing-shingles,Missing Shingles Charlotte NC | Best Roofing Now,missing shingles Charlotte NC
/problems/sagging-roof,Sagging Roof Charlotte NC | Best Roofing Now,sagging roof Charlotte NC
/problems/poor-ventilation,Poor Ventilation Charlotte NC | Best Roofing Now,poor ventilation Charlotte NC
/problems/ice-dams,Ice Dams Charlotte NC | Best Roofing Now,ice dams Charlotte NC
/compare/metal-vs-shingles,Metal vs Shingles Comparison | Best Roofing Now Charlotte NC,metal vs shingles
/compare/tile-vs-shingles,Tile vs Shingles Comparison | Best Roofing Now Charlotte NC,tile vs shingles
/compare/metal-vs-tile,Metal vs Tile Comparison | Best Roofing Now Charlotte NC,metal vs tile
/compare/gaf-vs-certainteed,GAF vs CertainTeed Comparison | Best Roofing Now Charlotte NC,gaf vs certainteed
/commercial-systems/tpo-roofing,TPO Roofing Charlotte NC | Commercial Roofing,tpo roofing Charlotte NC
/commercial-systems/epdm-roofing,EPDM Roofing Charlotte NC | Commercial Roofing,epdm roofing Charlotte NC
/commercial-systems/pvc-roofing,PVC Roofing Charlotte NC | Commercial Roofing,pvc roofing Charlotte NC
/commercial-systems/built-up-roofing,Built-Up Roofing Charlotte NC | Commercial Roofing,built-up roofing Charlotte NC
/commercial-systems/modified-bitumen,Modified Bitumen Charlotte NC | Commercial Roofing,modified bitumen Charlotte NC
/products/gaf-timberline-hdz,GAF Timberline HDZ Charlotte NC | Best Roofing Now,GAF Timberline HDZ Charlotte NC
/products/gaf-timberline-ultra-hd,GAF Timberline Ultra HD Charlotte NC | Best Roofing Now,GAF Timberline Ultra HD Charlotte NC
/products/gaf-camelot-ii,GAF Camelot II Charlotte NC | Best Roofing Now,GAF Camelot II Charlotte NC
/products/certainteed-landmark,CertainTeed Landmark Charlotte NC | Best Roofing Now,CertainTeed Landmark Charlotte NC
/products/certainteed-landmark-pro,CertainTeed Landmark Pro Charlotte NC | Best Roofing Now,CertainTeed Landmark Pro Charlotte NC
/products/certainteed-presidential,CertainTeed Presidential Charlotte NC | Best Roofing Now,CertainTeed Presidential Charlotte NC
/products/owens-corning-duration,Owens Corning Duration Charlotte NC | Best Roofing Now,Owens Corning Duration Charlotte NC
/products/owens-corning-trudefinition,Owens Corning TruDefinition Charlotte NC | Best Roofing Now,Owens Corning TruDefinition Charlotte NC
/products/atlas-pinnacle-pristine,Atlas Pinnacle Pristine Charlotte NC | Best Roofing Now,Atlas Pinnacle Pristine Charlotte NC
/products/tamko-heritage,TAMKO Heritage Charlotte NC | Best Roofing Now,TAMKO Heritage Charlotte NC
/products/velux-skylights,VELUX Skylights Charlotte NC | Best Roofing Now,VELUX Skylights Charlotte NC
/products/sun-tunnel-skylights,Sun Tunnel Skylights Charlotte NC | Best Roofing Now,Sun Tunnel Skylights Charlotte NC
/products/leafguard-gutters,LeafGuard Gutters Charlotte NC | Best Roofing Now,LeafGuard Gutters Charlotte NC
/products/gutter-helmet,Gutter Helmet Charlotte NC | Best Roofing Now,Gutter Helmet Charlotte NC
/products/standing-seam-metal,Standing Seam Metal Charlotte NC | Best Roofing Now,Standing Seam Metal Charlotte NC
/stories/charlotte,Roofing Stories Charlotte | Customer Projects,roofing projects Charlotte
/stories/huntersville,Roofing Stories Huntersville | Customer Projects,roofing projects Huntersville
/stories/cornelius,Roofing Stories Cornelius | Customer Projects,roofing projects Cornelius
/stories/davidson,Roofing Stories Davidson | Customer Projects,roofing projects Davidson
/stories/matthews,Roofing Stories Matthews | Customer Projects,roofing projects Matthews
/stories/mint-hill,Roofing Stories Mint Hill | Customer Projects,roofing projects Mint Hill
/stories/pineville,Roofing Stories Pineville | Customer Projects,roofing projects Pineville
/stories/concord,Roofing Stories Concord | Customer Projects,roofing projects Concord
/stories/kannapolis,Roofing Stories Kannapolis | Customer Projects,roofing projects Kannapolis
/stories/harrisburg,Roofing Stories Harrisburg | Customer Projects,roofing projects Harrisburg
/stories/monroe,Roofing Stories Monroe | Customer Projects,roofing projects Monroe
/stories/indian-trail,Roofing Stories Indian Trail | Customer Projects,roofing projects Indian Trail
/stories/waxhaw,Roofing Stories Waxhaw | Customer Projects,roofing projects Waxhaw
/stories/stallings,Roofing Stories Stallings | Customer Projects,roofing projects Stallings
/stories/weddington,Roofing Stories Weddington | Customer Projects,roofing projects Weddington
/stories/marvin,Roofing Stories Marvin | Customer Projects,roofing projects Marvin
/stories/wesley-chapel,Roofing Stories Wesley Chapel | Customer Projects,roofing projects Wesley Chapel
/stories/gastonia,Roofing Stories Gastonia | Customer Projects,roofing projects Gastonia
/stories/mt-holly,Roofing Stories Mt Holly | Customer Projects,roofing projects Mt Holly
/stories/belmont,Roofing Stories Belmont | Customer Projects,roofing projects Belmont
/stories/kings-mountain,Roofing Stories Kings Mountain | Customer Projects,roofing projects Kings Mountain
/stories/mooresville,Roofing Stories Mooresville | Customer Projects,roofing projects Mooresville
/stories/statesville,Roofing Stories Statesville | Customer Projects,roofing projects Statesville
/stories/denver,Roofing Stories Denver | Customer Projects,roofing projects Denver
/stories/lincolnton,Roofing Stories Lincolnton | Customer Projects,roofing projects Lincolnton
/stories/lake-norman,Roofing Stories Lake Norman | Customer Projects,roofing projects Lake Norman
/stories/sherrills-ford,Roofing Stories Sherrills Ford | Customer Projects,roofing projects Sherrills Ford
/stories/terrell,Roofing Stories Terrell | Customer Projects,roofing projects Terrell
/stories/hickory,Roofing Stories Hickory | Customer Projects,roofing projects Hickory
/stories/newton,Roofing Stories Newton | Customer Projects,roofing projects Newton
/stories/albemarle,Roofing Stories Albemarle | Customer Projects,roofing projects Albemarle
/stories/shelby,Roofing Stories Shelby | Customer Projects,roofing projects Shelby
/stories/rock-hill,Roofing Stories Rock Hill | Customer Projects,roofing projects Rock Hill
/stories/fort-mill,Roofing Stories Fort Mill | Customer Projects,roofing projects Fort Mill
/stories/tega-cay,Roofing Stories Tega Cay | Customer Projects,roofing projects Tega Cay
/stories/indian-land,Roofing Stories Indian Land | Customer Projects,roofing projects Indian Land
/stories/lancaster,Roofing Stories Lancaster | Customer Projects,roofing projects Lancaster
/stories/salisbury,Roofing Stories Salisbury | Customer Projects,roofing projects Salisbury
/stories/china-grove,Roofing Stories China Grove | Customer Projects,roofing projects China Grove
/stories/landis,Roofing Stories Landis | Customer Projects,roofing projects Landis
/stories/cramerton,Roofing Stories Cramerton | Customer Projects,roofing projects Cramerton
/stories/lowell,Roofing Stories Lowell | Customer Projects,roofing projects Lowell
/stories/dallas,Roofing Stories Dallas | Customer Projects,roofing projects Dallas
/stories/cherryville,Roofing Stories Cherryville | Customer Projects,roofing projects Cherryville
/stories/bessemer-city,Roofing Stories Bessemer City | Customer Projects,roofing projects Bessemer City
/stories/clover,Roofing Stories Clover | Customer Projects,roofing projects Clover
/stories/york,Roofing Stories York | Customer Projects,roofing projects York
/stories/lake-wylie,Roofing Stories Lake Wylie | Customer Projects,roofing projects Lake Wylie
/stories/wingate,Roofing Stories Wingate | Customer Projects,roofing projects Wingate
/stories/fairview,Roofing Stories Fairview | Customer Projects,roofing projects Fairview
/stories/hemby-bridge,Roofing Stories Hemby Bridge | Customer Projects,roofing projects Hemby Bridge
/stories/unionville,Roofing Stories Unionville | Customer Projects,roofing projects Unionville
/stories/mount-pleasant,Roofing Stories Mount Pleasant | Customer Projects,roofing projects Mount Pleasant
/stories/midland,Roofing Stories Midland | Customer Projects,roofing projects Midland
/stories/locust,Roofing Stories Locust | Customer Projects,roofing projects Locust
/stories/oakboro,Roofing Stories Oakboro | Customer Projects,roofing projects Oakboro
/stories/norwood,Roofing Stories Norwood | Customer Projects,roofing projects Norwood
/stories/maiden,Roofing Stories Maiden | Customer Projects,roofing projects Maiden
/stories/conover,Roofing Stories Conover | Customer Projects,roofing projects Conover
/stories/claremont,Roofing Stories Claremont | Customer Projects,roofing projects Claremont
/stories/chester,Roofing Stories Chester | Customer Projects,roofing projects Chester